Age,Gender,BMI,Glucose,Insulin,BloodPressure,Diabetes
43,Male,43.2,173.6,295.6,164,1
69,Female,46.1,233.7,131.2,174,1
37,Male,26.4,124.4,70.2,133,1
48,Female,43.2,170.8,262.0,147,1
46,Female,36.5,158.3,267.8,165,1
46,Female,35.6,219.1,205.7,189,1
31,Male,24.2,128.2,78.0,119,1
59,Female,19.6,109.7,26.1,104,0
51,Female,17.7,105.6,75.5,121,0
56,Male,24.8,103.8,59.8,126,0
29,Female,16.1,88.3,29.1,92,0
47,Female,34.4,221.5,103.3,197,1
26,Female,34.2,129.3,72.6,129,0
66,Female,28.3,90.6,66.6,86,0
37,Female,44.0,137.7,82.2,131,1
44,Male,41.4,206.0,244.5,195,1
41,Male,19.2,109.9,20.9,100,0
29,Female,25.2,84.6,43.4,115,0
43,Male,20.3,105.4,50.5,90,0
70,Male,27.5,202.9,163.5,172,1
55,Female,35.4,230.9,171.1,181,1
74,Male,41.4,138.1,127.5,191,1
28,Male,20.9,71.0,28.7,119,0
28,Male,18.2,98.6,29.4,112,0
39,Male,42.6,126.3,167.8,195,1
75,Female,26.1,168.4,160.4,163,1
57,Male,46.8,190.8,162.0,168,1
54,Male,29.8,151.8,169.7,149,1
53,Female,27.4,123.4,104.8,122,0
50,Male,47.4,151.8,113.8,129,1
28,Female,16.5,97.7,49.5,108,0
33,Male,24.7,102.1,60.8,118,1
63,Male,42.3,122.8,229.2,174,1
67,Male,20.4,95.3,74.5,107,0
51,Female,25.0,74.7,43.3,96,0
48,Female,44.5,228.9,154.8,180,1
71,Male,32.2,242.7,278.0,147,1
84,Male,29.8,140.5,127.5,163,1
39,Female,41.7,204.8,112.8,142,1
28,Female,16.4,74.1,14.1,94,0
51,Male,45.7,171.9,171.1,167,1
34,Male,29.1,70.1,17.8,129,0
85,Male,46.2,135.9,118.7,132,1
46,Male,37.3,244.2,253.3,200,1
75,Male,16.9,99.5,63.4,107,0
36,Female,32.9,236.9,158.6,183,1
49,Female,20.5,104.7,51.9,90,0
22,Female,19.2,73.8,60.3,96,0
45,Male,34.4,116.0,76.9,140,0
64,Female,39.6,131.4,211.0,151,1
46,Male,27.9,169.8,242.3,156,1
26,Male,24.9,104.6,56.5,100,0
45,Male,29.1,89.2,10.7,90,0
33,Female,27.0,104.6,66.5,134,1
45,Female,20.2,84.2,55.6,122,0
23,Female,20.5,104.6,53.4,104,0
24,Female,26.0,70.7,29.1,105,0
73,Male,42.3,232.2,216.1,176,1
33,Female,23.7,82.4,19.8,88,0
54,Female,27.1,103.9,72.1,133,1
53,Female,25.5,72.1,56.7,110,0
61,Male,43.5,167.2,270.5,148,1
42,Male,29.7,123.2,192.6,181,1
52,Female,41.8,120.5,190.4,145,1
41,Male,25.3,118.6,90.4,112,1
51,Female,28.9,72.6,35.4,112,0
45,Female,27.5,152.9,285.2,196,1
47,Female,31.3,130.6,73.5,129,0
46,Male,28.0,79.1,33.6,125,0
32,Female,23.2,96.8,58.7,89,0
75,Male,42.2,152.5,145.2,130,1
63,Female,37.0,122.3,160.2,168,1
39,Female,19.9,103.4,31.8,129,0
32,Male,42.9,210.4,201.7,149,1
69,Female,34.5,120.6,99.3,142,0
49,Male,20.5,86.5,16.3,105,0
50,Female,41.8,214.8,265.2,150,1
27,Male,28.3,107.9,31.9,117,0
38,Female,42.1,222.4,80.2,153,1
31,Female,25.8,75.2,18.6,80,0
28,Female,16.1,102.0,29.7,86,0
65,Female,17.2,73.7,30.7,113,0
48,Male,18.5,96.4,14.4,103,0
59,Female,27.7,121.8,99.6,140,0
22,Male,21.3,100.4,28.7,114,0
80,Male,43.6,195.5,98.1,174,1
77,Male,45.4,127.8,291.1,184,1
38,Female,38.1,183.6,132.0,120,1
74,Male,27.1,151.7,172.6,188,1
65,Female,39.8,184.3,176.1,141,1
69,Female,24.0,96.5,68.1,91,0
60,Male,28.6,104.2,28.9,83,0
43,Female,20.5,89.3,61.0,80,0
52,Female,27.6,109.5,77.3,119,1
77,Male,32.0,137.2,114.0,181,1
38,Male,42.3,139.5,288.2,179,1
67,Male,32.1,183.6,95.6,195,1
46,Male,17.2,108.3,25.9,123,0
66,Female,29.3,131.6,70.7,136,0
21,Male,27.0,99.9,79.2,129,0
72,Male,32.1,195.0,145.0,166,1
73,Male,25.1,79.3,32.0,113,0
62,Female,25.2,102.0,41.3,127,0
68,Male,31.6,158.7,289.7,141,1
46,Male,33.5,118.3,90.2,140,0
70,Male,23.1,99.8,20.2,92,0
30,Female,24.8,85.6,56.3,120,0
32,Male,25.5,111.7,95.5,129,1
60,Male,25.5,79.3,60.7,121,0
65,Male,20.9,88.8,51.0,101,0
69,Male,24.0,78.3,66.4,110,0
78,Male,29.5,240.1,285.4,150,1
41,Male,28.3,128.0,78.0,130,1
32,Female,25.5,101.6,63.9,112,1
26,Female,28.4,86.8,36.9,124,0
55,Female,27.1,98.3,49.6,105,0
59,Male,20.2,107.4,32.8,115,0
41,Female,27.6,117.6,95.5,128,1
77,Male,31.9,133.3,110.1,167,1
63,Male,16.0,82.3,20.8,99,0
42,Male,23.8,81.9,44.5,125,0
63,Male,18.2,95.8,18.4,103,0
59,Female,18.2,103.8,56.1,113,0
70,Female,29.5,187.5,228.4,193,1
50,Male,27.1,85.2,42.8,107,0
33,Female,48.6,198.8,260.5,134,1
35,Male,32.7,125.6,91.9,139,0
68,Male,38.4,149.5,175.7,138,1
39,Male,28.4,104.4,45.6,91,0
67,Male,20.6,94.3,69.3,89,0
55,Male,46.1,134.2,130.1,150,1
28,Female,28.1,111.6,70.4,126,1
78,Female,42.8,179.2,154.2,152,1
55,Female,23.8,94.6,46.7,120,0
33,Female,38.3,183.8,117.6,172,1
45,Female,27.6,167.1,222.7,122,1
51,Female,49.5,211.5,99.7,200,1
25,Female,29.6,105.1,110.2,130,0
49,Female,37.5,147.6,291.2,130,1
50,Female,35.0,139.3,122.2,177,1
73,Male,49.5,248.8,192.4,176,1
29,Female,28.0,109.3,115.5,128,0
66,Female,36.6,175.1,145.6,181,1
58,Male,42.0,209.0,199.9,166,1
40,Male,16.6,81.1,32.8,100,0
36,Female,25.1,77.2,40.0,97,0
28,Male,28.5,92.6,57.3,125,0
58,Male,24.5,109.7,73.7,95,0
65,Female,22.5,86.4,72.9,101,0
71,Male,18.1,85.7,25.2,81,0
27,Female,21.0,103.3,29.6,91,0
66,Female,17.1,77.1,65.8,121,0
50,Male,27.2,93.5,65.2,119,0
48,Female,29.5,164.5,197.5,122,1
58,Male,27.8,196.5,155.1,136,1
48,Male,23.2,109.6,40.1,88,0
66,Female,23.6,82.4,74.4,92,0
42,Male,22.8,86.8,75.4,105,0
48,Female,30.4,137.5,250.3,156,1
50,Female,45.9,214.8,107.8,135,1
67,Male,23.2,75.2,42.7,118,0
68,Male,25.9,83.3,63.0,85,0
79,Male,42.0,209.9,215.9,157,1
56,Female,31.7,225.4,262.5,178,1
81,Female,42.9,175.4,284.5,161,1
50,Male,23.0,97.5,74.4,96,0
33,Male,27.6,99.3,53.2,126,0
70,Male,45.4,200.1,261.7,194,1
53,Female,23.2,103.6,20.7,104,0
42,Male,26.1,113.4,68.7,128,1
61,Female,27.3,105.9,62.0,122,0
26,Male,27.7,91.5,21.9,124,0
53,Female,41.0,170.8,253.0,140,1
41,Male,42.1,234.2,211.6,129,1
20,Female,17.3,91.3,37.8,119,0
78,Female,41.8,232.2,138.0,173,1
64,Male,27.7,129.6,241.5,196,1
52,Female,16.5,70.6,16.1,103,0
60,Male,28.4,105.8,92.6,121,1
39,Female,32.5,112.4,83.6,124,0
83,Male,36.0,197.0,228.1,184,1
51,Male,21.8,91.2,73.7,112,0
70,Female,49.9,135.5,204.4,154,1
35,Male,24.4,104.5,15.7,107,0
46,Female,37.5,130.3,235.6,153,1
47,Female,31.5,168.0,84.2,151,1
56,Male,29.6,102.1,75.0,128,1
59,Female,29.9,124.4,68.8,121,1
57,Female,27.2,128.0,90.1,134,1
29,Male,26.2,83.6,14.5,92,0
69,Female,27.7,86.6,65.1,100,0
31,Female,49.7,178.0,261.5,168,1
62,Male,41.4,158.0,225.2,153,1
46,Male,41.8,216.6,270.6,149,1
84,Female,39.6,130.8,237.7,131,1
31,Male,32.2,165.1,257.8,168,1
36,Female,24.4,121.5,97.9,126,1
83,Male,47.9,190.0,99.3,181,1
47,Male,28.3,109.8,79.3,118,1
48,Male,28.6,82.0,70.8,92,0
77,Female,49.0,202.3,282.9,198,1
33,Female,19.9,103.4,58.7,123,0
39,Female,49.5,134.3,192.6,147,1
58,Female,41.6,152.5,199.3,164,1
31,Male,34.5,138.3,97.2,168,1
58,Male,32.2,172.5,248.0,165,1
83,Male,46.9,222.8,231.6,182,1
42,Female,28.8,158.1,196.0,186,1
73,Male,26.0,85.6,68.1,116,0
50,Female,23.7,80.8,35.4,124,0
59,Male,29.2,79.1,38.7,104,0
38,Female,15.8,82.6,79.4,119,0
68,Female,19.1,70.8,69.9,86,0
84,Female,30.1,198.0,209.6,174,1
24,Female,20.6,98.2,72.5,116,0
66,Female,22.1,93.6,11.6,84,0
61,Female,32.5,236.5,267.0,129,1
68,Female,27.5,198.0,288.0,171,1
71,Female,45.4,232.3,122.0,156,1
62,Female,26.9,96.0,33.6,92,0
38,Male,27.6,109.5,73.4,120,1
60,Female,43.4,239.4,289.2,158,1
44,Female,27.6,101.7,11.3,115,0
85,Female,44.8,150.1,213.8,198,1
62,Male,44.8,224.2,195.8,138,1
58,Female,25.0,100.6,97.6,125,1
31,Male,20.0,73.9,57.6,121,0
49,Female,47.0,177.9,187.8,181,1
43,Male,21.1,76.7,17.4,119,0
70,Female,17.3,77.2,37.7,119,0
67,Female,26.5,148.7,217.1,168,1
52,Female,29.0,100.8,93.0,121,1
51,Female,23.0,108.4,65.0,115,0
67,Male,35.5,238.0,187.3,168,1
68,Female,27.6,195.2,214.4,177,1
23,Female,25.8,100.9,67.4,92,0
54,Male,16.5,98.9,79.3,92,0
41,Female,18.8,94.1,25.6,120,0
62,Male,20.5,109.6,74.0,95,0
72,Female,17.2,84.7,39.0,105,0
33,Female,25.7,115.0,91.5,131,1
31,Male,32.4,114.6,111.3,140,0
20,Female,23.1,80.6,55.9,94,0
28,Male,26.3,104.1,76.2,135,1
57,Male,25.6,102.8,66.8,113,1
71,Male,31.4,213.6,103.3,160,1
66,Male,15.3,100.3,37.4,123,0
36,Male,25.8,74.6,18.8,82,0
60,Male,30.8,192.8,241.0,195,1
82,Female,31.7,134.4,148.7,165,1
32,Male,25.7,74.5,29.9,92,0
31,Female,23.1,98.5,29.9,110,0
51,Male,26.0,81.3,39.8,102,0
53,Female,44.1,205.1,210.7,120,1
63,Male,42.6,231.8,179.1,133,1
69,Male,19.3,93.3,49.0,130,0
49,Male,40.9,151.6,177.3,176,1
69,Male,44.6,135.1,193.6,186,1
34,Female,16.8,80.7,11.6,81,0
78,Female,49.8,120.0,107.8,144,1
62,Male,46.6,167.7,169.1,175,1
59,Male,37.2,215.7,185.9,160,1
50,Male,30.6,154.9,241.7,142,1
48,Female,32.4,153.8,128.7,124,1
83,Female,47.8,205.6,233.3,194,1
57,Female,24.3,92.5,77.5,116,0
75,Male,18.3,102.2,73.6,88,0
75,Male,46.2,140.7,269.5,158,1
60,Female,24.4,109.8,40.3,85,0
72,Male,36.5,209.9,294.0,167,1
55,Male,18.8,78.2,10.6,106,0
67,Male,42.3,143.6,101.4,126,1
35,Male,28.0,143.9,176.1,199,1
41,Female,36.7,197.9,174.2,180,1
72,Male,35.9,212.1,85.7,160,1
43,Male,28.0,107.9,88.5,130,1
54,Female,29.9,116.5,101.4,142,0
53,Female,18.6,78.3,51.3,123,0
76,Female,35.0,160.1,178.0,133,1
55,Male,33.2,187.2,258.8,152,1
64,Male,49.1,174.5,234.1,158,1
24,Female,18.9,77.9,23.5,101,0
37,Female,28.1,142.3,151.2,177,1
59,Female,49.0,164.6,228.1,146,1
48,Male,19.5,90.6,36.2,88,0
25,Female,15.3,73.6,26.6,102,0
68,Female,33.8,142.2,109.9,149,1
45,Female,44.7,248.5,107.9,128,1
46,Male,27.2,79.1,36.0,117,0
33,Male,19.9,82.0,66.2,107,0
60,Male,24.3,127.2,89.7,126,1
38,Female,28.5,129.7,78.1,125,1
63,Male,31.4,211.6,167.0,191,1
49,Female,38.1,237.4,181.7,139,1
29,Female,16.5,93.4,24.3,83,0
47,Female,32.9,138.9,107.9,120,0
56,Male,42.5,172.1,259.8,183,1
35,Male,27.2,124.5,99.2,132,0
81,Female,48.9,189.2,218.2,149,1
83,Female,30.8,186.5,157.5,166,1
67,Male,25.0,83.5,54.9,96,0
37,Female,38.9,138.9,253.6,174,1
76,Female,38.4,223.8,147.5,122,1
67,Male,44.8,223.0,99.8,137,1
53,Male,35.4,197.1,210.6,197,1
66,Female,26.4,72.9,80.0,100,0
55,Female,44.1,238.9,218.1,140,1
79,Female,37.4,124.9,274.3,145,1
64,Female,30.1,111.2,76.7,122,0
62,Male,20.7,84.6,27.2,92,0
33,Female,25.6,105.8,27.2,94,0
27,Male,26.6,107.7,63.5,87,0
85,Male,38.7,188.0,172.2,157,1
44,Male,42.7,189.1,204.1,162,1
39,Male,49.0,213.3,116.9,127,1
32,Male,30.6,242.1,298.7,147,1
42,Female,18.4,108.1,40.5,123,0
34,Male,48.5,219.6,115.1,177,1
60,Female,48.2,237.8,172.2,184,1
55,Female,29.2,90.9,78.4,81,0
41,Male,30.8,142.3,173.7,129,1
54,Female,27.7,80.6,59.7,106,0
80,Male,26.0,166.8,150.5,141,1
33,Male,35.5,124.2,206.3,161,1
51,Female,38.5,221.7,276.2,168,1
40,Female,26.1,168.5,102.2,154,1
57,Female,25.6,79.4,11.5,128,0
44,Female,27.3,193.1,208.4,197,1
42,Male,34.3,206.7,232.8,144,1
24,Female,18.6,72.7,58.9,89,0
73,Male,39.8,199.9,286.4,197,1
69,Male,32.6,128.2,106.4,124,0
20,Male,17.7,88.6,69.1,130,0
32,Male,33.0,137.7,119.7,144,0
38,Female,26.0,163.0,93.4,160,1
85,Female,48.6,220.4,164.7,195,1
43,Female,19.0,70.8,18.4,99,0
35,Male,22.3,78.5,39.5,108,0
37,Male,37.6,155.5,224.5,129,1
74,Male,43.8,206.1,268.0,182,1
49,Female,38.9,199.9,251.4,181,1
55,Female,15.2,96.6,31.8,97,0
60,Female,39.7,201.4,281.5,141,1
32,Male,27.5,101.6,75.1,119,1
38,Female,48.9,248.9,182.1,178,1
44,Female,24.3,80.3,41.4,90,0
38,Female,43.7,213.4,251.4,139,1
59,Male,31.0,174.7,83.2,159,1
66,Male,21.2,73.7,15.0,128,0
26,Female,23.3,101.6,12.1,84,0
32,Female,45.2,160.5,262.1,126,1
37,Female,28.2,135.0,89.4,126,0
51,Male,23.2,88.5,25.6,83,0
38,Male,42.1,199.8,146.0,135,1
43,Female,37.0,209.4,200.2,153,1
48,Female,41.2,160.2,134.4,186,1
39,Female,23.1,77.8,72.8,129,0
60,Female,29.2,112.4,86.7,130,1
34,Female,29.5,94.3,14.3,121,0
53,Male,26.6,77.1,16.6,105,0
42,Male,20.4,98.9,44.5,96,0
47,Female,35.8,136.8,226.7,136,1
62,Female,36.4,199.0,202.2,183,1
44,Female,29.4,130.0,70.7,129,1
83,Male,43.1,214.6,121.7,159,1
55,Male,46.7,181.9,191.1,162,1
72,Male,44.2,245.7,112.2,161,1
79,Female,43.3,164.8,236.3,198,1
36,Female,22.7,77.5,41.9,112,0
83,Male,31.1,163.3,97.5,194,1
58,Female,17.7,94.3,22.7,114,0
36,Male,27.3,104.2,29.3,99,0
37,Male,26.9,92.3,53.1,115,0
51,Female,19.3,84.4,77.3,91,0
26,Female,27.4,109.0,109.8,145,0
36,Male,15.5,77.4,25.6,89,0
80,Female,41.7,214.3,130.7,188,1
21,Female,24.4,70.2,22.4,102,0
80,Female,49.6,140.9,217.3,137,1
19,Female,25.5,78.8,43.7,107,0
40,Female,43.9,234.1,277.4,178,1
74,Female,23.1,70.6,79.8,102,0
66,Female,19.3,105.3,50.5,102,0
78,Male,30.7,174.0,270.0,144,1
81,Female,29.1,121.4,254.7,136,1
64,Female,39.5,243.3,185.4,135,1
50,Female,46.6,135.8,215.3,137,1
57,Male,27.5,144.7,91.0,157,1
43,Female,28.0,127.9,90.6,127,1
66,Female,22.3,73.2,71.5,104,0
50,Male,29.0,138.8,81.5,126,0
47,Male,29.4,142.7,237.4,195,1
36,Male,33.4,144.0,172.1,200,1
66,Male,34.8,196.7,90.0,173,1
22,Female,25.2,100.6,74.2,105,0
19,Female,24.0,71.6,54.6,88,0
58,Female,16.3,96.4,14.4,80,0
61,Male,18.7,100.8,23.1,92,0
35,Male,29.9,99.0,73.2,121,0
38,Male,28.6,122.8,73.6,137,0
47,Male,24.0,84.5,72.7,95,0
36,Female,49.8,223.2,167.7,142,1
73,Male,36.9,135.8,187.8,168,1
54,Female,25.2,108.4,68.0,113,0
42,Female,28.0,91.9,60.6,129,0
40,Female,35.4,209.3,168.4,179,1
67,Female,35.8,153.3,124.7,159,1
40,Female,29.3,239.6,167.4,126,1
26,Female,16.4,104.8,63.5,119,0
39,Male,41.1,183.1,203.2,164,1
32,Male,28.0,79.3,46.5,98,0
31,Male,29.7,232.1,186.5,139,1
40,Male,27.1,134.5,83.9,131,0
67,Female,16.8,102.0,72.9,114,0
38,Female,30.6,127.5,92.2,124,0
39,Female,15.9,82.5,13.3,90,0
45,Male,24.9,105.1,65.1,95,0
52,Male,36.8,120.8,214.4,133,1
48,Female,26.6,93.6,18.5,111,0
53,Female,31.1,160.6,278.7,151,1
79,Female,37.6,201.8,212.3,140,1
82,Female,31.5,243.8,277.6,146,1
57,Male,29.8,121.2,161.7,183,1
47,Male,18.7,76.8,63.6,97,0
61,Female,34.8,132.4,90.7,135,0
66,Male,31.0,149.7,185.0,125,1
53,Female,33.6,235.2,222.2,176,1
78,Female,38.0,137.7,206.3,139,1
42,Female,18.6,71.5,47.6,128,0
50,Female,26.1,108.5,33.9,114,0
55,Male,31.1,240.4,205.1,138,1
41,Female,33.1,232.7,287.3,131,1
46,Female,36.0,177.0,154.7,152,1
29,Female,29.2,121.7,60.3,135,1
61,Male,20.4,90.2,21.6,86,0
20,Male,21.2,99.2,21.3,83,0
44,Female,21.9,103.2,59.2,118,0
51,Female,21.7,102.8,31.3,128,0
39,Male,18.4,75.8,67.8,130,0
19,Female,22.5,97.3,15.0,109,0
23,Male,23.1,85.1,77.2,98,0
28,Male,29.4,119.0,84.5,112,1
27,Female,29.4,112.3,102.9,134,0
30,Male,29.7,137.7,93.2,123,0
50,Male,44.5,223.7,266.1,135,1
56,Male,27.1,209.9,247.7,123,1
45,Female,27.9,101.9,33.8,127,0
35,Female,34.9,140.8,241.4,182,1
51,Male,29.7,104.7,90.0,117,1
60,Male,30.9,135.1,73.9,121,0
25,Female,24.0,82.1,48.8,113,0
60,Male,29.5,83.9,51.1,80,0
81,Male,26.9,165.8,88.1,157,1
51,Male,20.2,71.2,34.1,94,0
41,Male,30.6,135.5,102.3,122,0
29,Male,20.6,102.3,61.8,107,0
65,Female,30.4,170.3,259.6,143,1
43,Male,24.1,120.9,75.7,116,1
43,Male,25.5,104.0,36.0,100,0
40,Female,26.5,112.1,92.3,133,1
41,Male,42.8,204.8,259.3,130,1
41,Male,34.2,232.0,242.7,121,1
28,Female,25.5,101.5,18.3,130,0
46,Female,44.5,187.5,235.1,160,1
43,Female,25.3,115.5,97.2,110,1
83,Female,39.1,137.5,236.9,189,1
39,Male,16.7,76.5,40.0,111,0
31,Female,26.7,126.3,79.4,132,1
68,Female,18.5,74.2,45.6,102,0
45,Female,25.7,105.3,78.3,126,1
51,Male,24.5,124.8,67.1,126,1
39,Female,28.9,224.2,290.1,189,1
75,Female,26.1,214.7,213.6,139,1
52,Female,21.1,100.1,34.4,120,0
40,Female,24.8,77.9,10.0,99,0
70,Female,23.0,98.2,58.7,98,0
75,Female,22.3,108.5,27.2,106,0
37,Male,27.0,76.8,53.3,116,0
71,Male,36.8,141.8,290.1,147,1
77,Female,41.9,177.1,264.1,147,1
35,Female,46.9,188.9,261.1,134,1
41,Female,43.3,139.3,282.4,192,1
62,Male,28.4,90.8,49.0,109,0
67,Male,27.2,162.5,283.6,163,1
79,Male,43.5,152.5,121.8,147,1
55,Female,31.3,177.0,120.1,127,1
31,Male,32.1,127.9,70.7,128,0
38,Female,24.1,84.6,48.5,104,0
57,Female,39.8,232.7,279.8,160,1
59,Female,37.2,125.5,125.8,143,1
65,Female,44.1,140.6,176.6,173,1
38,Female,26.0,76.9,26.7,97,0
53,Male,49.3,201.4,236.4,193,1
58,Male,40.3,247.8,287.7,142,1
40,Male,28.5,150.6,80.4,197,1
69,Male,24.6,106.6,19.2,113,0
37,Female,23.9,79.1,72.4,127,0
19,Male,16.5,87.5,79.4,99,0
52,Female,27.8,121.0,90.1,119,1
44,Female,24.2,94.2,76.3,115,0
54,Female,47.1,178.7,186.9,144,1
69,Female,28.7,83.3,47.2,105,0
68,Male,30.2,115.2,74.2,139,0
43,Male,39.3,205.4,81.3,190,1
69,Male,16.1,92.4,40.3,130,0
52,Female,28.8,99.5,12.1,117,0
56,Female,16.3,84.7,39.1,92,0
79,Female,26.9,210.0,225.1,192,1
64,Female,21.9,73.6,61.3,84,0
35,Male,25.9,129.0,68.7,122,1
32,Female,32.5,121.0,124.8,188,1
20,Female,16.6,108.0,56.6,83,0
45,Female,31.3,126.9,97.8,135,1
68,Female,30.3,152.3,247.2,152,1
25,Female,23.9,108.6,69.8,82,0
25,Female,18.2,75.1,44.6,95,0
19,Female,17.5,84.4,54.3,126,0
35,Male,36.6,232.2,170.3,122,1
41,Male,46.9,161.5,299.0,167,1
41,Female,30.7,198.5,147.9,177,1
51,Female,40.0,171.1,101.5,178,1
25,Male,20.2,92.5,67.1,100,0
55,Female,26.1,103.9,44.4,82,0
22,Male,28.8,103.4,70.9,121,0
52,Male,29.6,144.1,246.9,123,1
33,Male,22.2,96.1,10.7,106,0
55,Male,33.6,111.7,91.8,132,0
46,Female,36.3,157.8,293.0,198,1
56,Female,28.2,80.1,26.4,117,0
68,Male,31.2,135.1,76.3,140,0
58,Female,26.2,136.4,130.7,190,1
49,Female,26.5,119.1,61.6,130,1
45,Male,37.8,215.0,200.2,157,1
37,Female,27.6,189.0,219.9,171,1
39,Male,27.2,117.8,67.0,113,1
50,Male,48.2,166.1,231.6,159,1
31,Female,48.0,160.4,127.4,130,1
81,Female,32.3,183.8,288.0,197,1
18,Female,21.0,75.7,39.1,98,0
69,Female,38.2,133.2,257.4,193,1
71,Male,30.7,207.9,155.8,191,1
33,Male,20.1,100.8,78.6,122,0
77,Male,30.4,132.3,292.2,144,1
40,Male,24.5,78.8,40.7,98,0
28,Male,29.0,124.8,78.1,116,1
61,Female,46.3,234.1,263.0,137,1
61,Male,34.0,113.7,90.5,120,0
44,Female,34.8,131.7,96.5,142,0
41,Male,25.0,96.3,16.1,111,0
85,Female,47.1,178.0,129.9,156,1
63,Female,20.1,93.6,48.8,82,0
58,Female,41.7,128.8,99.3,128,1
43,Female,25.4,101.2,79.2,131,1
48,Female,39.9,223.5,181.5,176,1
33,Male,27.8,125.9,67.7,131,1
66,Female,18.3,83.9,71.2,113,0
65,Male,23.4,78.5,14.0,90,0
75,Female,17.5,100.0,47.9,108,0
69,Female,39.0,155.5,187.3,159,1
42,Female,45.3,192.0,117.6,186,1
80,Female,47.4,190.9,128.0,150,1
31,Male,26.9,115.5,83.6,118,1
51,Male,28.7,105.5,54.8,99,0
39,Female,31.6,185.6,97.2,171,1
60,Female,24.7,118.2,85.8,127,1
41,Male,44.8,196.8,137.7,193,1
46,Male,25.3,92.9,70.6,119,0
53,Male,32.3,117.9,87.0,130,0
75,Female,34.6,137.9,273.0,188,1
44,Female,29.6,106.8,93.1,126,0
75,Male,29.7,76.7,16.7,102,0
59,Female,40.9,216.7,293.8,186,1
73,Female,27.7,72.5,20.2,85,0
52,Female,21.5,99.4,15.1,104,0
67,Male,29.9,79.7,63.7,96,0
59,Female,32.8,144.7,192.3,184,1
19,Male,16.5,79.6,61.0,119,0
31,Male,25.9,115.7,83.7,117,1
54,Female,28.5,103.7,66.5,135,1
61,Male,19.1,84.3,26.7,109,0
53,Male,43.9,125.9,203.2,176,1
74,Female,38.9,242.0,187.6,173,1
54,Female,29.5,110.0,48.1,116,0
57,Female,29.1,98.2,21.9,117,0
35,Male,23.0,95.4,35.5,117,0
46,Female,42.2,174.2,148.7,125,1
64,Male,28.6,185.9,153.4,187,1
65,Male,26.8,81.9,79.1,83,0
34,Female,31.5,151.6,86.9,184,1
78,Male,48.4,137.8,134.2,170,1
57,Male,47.4,225.3,98.4,128,1
44,Male,29.6,98.1,12.9,117,0
50,Female,25.3,106.9,72.3,94,0
33,Male,33.3,127.7,80.1,123,0
46,Female,29.0,132.6,110.1,131,0
74,Male,19.9,73.2,57.3,80,0
45,Female,30.1,209.2,116.9,186,1
84,Male,43.7,180.8,196.8,199,1
67,Female,44.8,134.5,217.3,192,1
65,Male,27.5,71.6,19.1,86,0
34,Female,21.0,98.2,14.6,108,0
31,Female,18.1,91.8,16.1,104,0
62,Male,29.7,138.4,86.0,122,0
83,Female,39.9,236.8,131.4,133,1
67,Male,27.8,99.5,56.7,117,0
71,Female,27.9,79.4,25.6,113,0
46,Male,25.0,96.7,51.7,88,0
22,Female,18.4,94.2,20.1,93,0
68,Male,15.9,78.9,72.5,120,0
34,Female,28.7,107.7,84.8,121,1
42,Male,48.1,183.0,239.1,121,1
44,Male,32.1,199.3,174.8,182,1
36,Male,28.0,145.4,285.3,150,1
77,Male,45.6,179.7,124.0,179,1
47,Female,18.4,91.5,31.5,85,0
49,Female,23.8,77.3,65.3,105,0
56,Female,18.3,108.3,12.0,110,0
26,Male,23.4,88.9,10.5,115,0
69,Male,16.3,93.9,57.8,95,0
60,Female,29.7,108.8,72.8,103,0
53,Female,37.7,148.9,148.8,174,1
40,Male,36.0,125.3,129.7,134,1
57,Male,33.3,185.7,282.2,194,1
33,Female,24.1,88.9,42.0,84,0
54,Male,32.5,189.2,206.1,132,1
47,Male,40.6,191.2,232.6,122,1
18,Female,21.8,94.7,23.0,91,0
72,Male,26.0,86.0,64.9,101,0
67,Female,26.2,125.3,162.4,156,1
36,Male,22.8,104.0,17.5,122,0
56,Female,38.3,237.2,130.1,187,1
49,Male,31.6,128.5,87.0,122,0
66,Female,47.3,144.3,107.4,172,1
27,Male,17.1,106.2,29.7,119,0
31,Male,25.7,89.9,57.8,85,0
33,Female,19.1,74.2,45.9,101,0
35,Male,25.1,71.0,60.8,91,0
60,Male,43.1,150.1,87.0,137,1
39,Female,40.4,169.1,139.5,154,1
46,Male,28.1,117.2,97.3,132,1
52,Male,37.3,127.8,143.3,165,1
64,Female,28.0,107.4,30.3,124,0
65,Female,30.1,246.8,234.5,149,1
30,Female,17.3,105.1,20.3,118,0
60,Male,28.2,138.4,105.6,196,1
74,Male,21.8,100.5,76.2,127,0
27,Female,17.9,88.6,49.3,110,0
41,Female,39.3,210.1,250.1,132,1
82,Female,42.1,229.1,281.1,127,1
36,Male,36.5,146.2,256.1,137,1
34,Male,25.3,113.3,77.9,133,1
23,Male,19.7,87.5,29.5,100,0
32,Male,19.3,85.8,63.3,103,0
58,Male,27.5,87.3,18.8,128,0
38,Male,24.0,81.5,49.9,116,0
37,Male,18.1,98.4,12.5,122,0
41,Male,24.3,71.4,78.0,102,0
52,Male,23.4,101.7,15.7,113,0
43,Female,25.0,73.6,28.9,81,0
26,Female,18.0,94.5,24.7,89,0
58,Female,17.4,73.3,23.2,90,0
47,Female,16.7,71.1,49.7,130,0
35,Female,24.9,105.2,67.1,114,1
42,Male,40.5,247.0,158.7,147,1
66,Female,23.6,104.9,75.1,104,0
35,Female,22.7,92.3,36.7,88,0
72,Female,44.8,231.4,86.0,185,1
30,Female,49.0,199.8,122.4,190,1
50,Male,44.4,163.4,121.6,200,1
72,Female,28.1,79.9,20.0,90,0
71,Male,49.8,150.6,232.6,176,1
64,Male,29.4,91.5,52.1,99,0
77,Female,49.1,201.0,111.5,192,1
68,Male,31.9,118.0,92.9,136,0
37,Male,32.4,138.2,113.8,129,0
73,Male,21.6,84.9,36.3,90,0
27,Male,25.1,81.9,41.3,118,0
84,Female,33.5,187.1,278.6,126,1
68,Male,28.5,120.0,87.5,132,0
50,Female,40.1,196.0,84.5,140,1
46,Male,23.1,79.6,30.0,106,0
65,Male,24.7,91.1,66.4,129,0
31,Male,49.6,162.2,285.4,170,1
69,Female,38.5,140.3,271.2,142,1
72,Female,27.7,152.3,226.2,152,1
60,Female,31.5,138.5,87.6,133,0
51,Male,25.4,122.3,96.3,134,1
33,Female,20.6,92.5,67.2,111,0
48,Male,28.3,126.5,290.3,194,1
39,Female,43.6,212.0,118.1,191,1
35,Male,30.5,121.5,71.0,128,0
18,Female,16.6,107.9,61.5,89,0
66,Male,23.1,104.6,26.3,88,0
31,Male,26.0,107.6,69.6,119,1
53,Male,17.1,71.9,32.4,92,0
32,Male,48.2,213.8,167.7,176,1
57,Female,24.6,108.2,77.2,110,0
45,Male,27.9,74.1,12.1,80,0
73,Male,23.9,91.8,61.9,92,0
47,Female,22.0,88.9,65.7,118,0
30,Male,33.1,149.3,118.8,181,1
38,Male,20.6,105.9,62.9,104,0
64,Male,32.6,131.7,92.6,141,0
85,Male,30.8,138.2,188.6,196,1
37,Female,32.4,131.1,227.7,185,1
85,Male,34.2,180.7,242.1,132,1
42,Male,29.2,102.5,68.5,133,1
67,Female,24.1,76.5,66.2,103,0
41,Male,26.0,196.9,122.4,182,1
32,Female,21.6,82.1,26.2,90,0
56,Male,28.7,108.2,14.8,122,0
40,Male,28.7,73.7,36.1,104,0
68,Male,24.0,97.1,73.5,86,0
84,Female,33.9,197.5,167.7,153,1
60,Male,26.2,92.8,74.0,101,0
58,Female,39.9,229.4,145.9,170,1
31,Male,29.7,106.9,62.9,122,1
44,Male,15.5,102.8,52.7,103,0
54,Male,29.4,159.7,137.3,177,1
67,Male,19.8,75.4,26.5,119,0
37,Female,34.9,122.6,86.9,140,0
56,Male,30.7,109.9,84.4,126,0
80,Female,33.9,188.5,241.0,145,1
62,Female,26.2,143.7,202.4,174,1
38,Female,49.3,239.2,200.8,156,1
51,Male,15.9,82.5,26.0,80,0
33,Female,21.0,93.3,49.8,104,0
55,Female,24.6,124.5,90.8,131,1
68,Male,46.8,234.2,95.0,128,1
52,Male,34.6,120.1,74.5,125,0
27,Female,23.8,70.8,25.5,87,0
34,Female,32.2,171.4,268.6,166,1
38,Female,16.7,107.3,55.3,115,0
45,Male,26.7,114.7,99.8,112,1
34,Female,23.1,88.0,65.4,120,0
23,Male,28.5,106.9,47.0,127,0
48,Male,25.3,120.0,99.7,110,1
47,Male,27.4,83.8,68.8,104,0
48,Male,45.4,158.4,107.2,174,1
39,Male,37.2,219.1,195.9,156,1
51,Male,16.9,79.8,43.5,120,0
51,Male,26.8,96.0,78.7,108,0
48,Female,19.8,80.3,76.3,110,0
66,Female,25.3,79.9,59.7,106,0
80,Male,35.0,170.5,230.1,139,1
24,Male,17.0,73.7,13.9,97,0
61,Male,25.9,105.3,48.8,129,0
34,Female,38.0,121.4,263.2,163,1
20,Female,28.4,86.8,45.4,125,0
30,Female,43.6,129.8,229.3,126,1
30,Male,16.8,94.1,38.9,121,0
39,Male,29.0,109.5,33.6,92,0
35,Female,27.5,129.7,79.7,119,1
30,Female,39.7,189.3,219.4,194,1
42,Male,27.2,119.9,94.0,114,1
35,Male,28.8,103.3,59.6,130,0
55,Male,25.0,89.2,72.0,118,0
56,Male,33.3,162.2,166.6,142,1
75,Female,30.3,152.5,140.2,193,1
28,Female,18.6,78.8,19.3,118,0
73,Male,47.5,248.0,263.1,188,1
49,Male,27.1,139.3,104.6,129,0
65,Male,26.4,240.4,95.9,166,1
77,Female,47.5,241.6,138.4,141,1
36,Male,25.8,71.1,22.2,112,0
31,Female,28.3,102.6,78.8,116,1
55,Female,20.0,101.7,24.3,126,0
73,Male,21.2,101.3,11.4,96,0
46,Female,29.8,95.5,36.4,80,0
56,Female,21.6,105.6,57.9,125,0
50,Male,26.7,120.3,80.6,124,1
38,Female,26.5,82.7,31.8,122,0
57,Female,30.8,139.0,245.7,192,1
36,Male,42.6,123.2,289.4,140,1
84,Female,45.4,125.9,120.9,156,1
31,Male,31.1,161.6,94.9,164,1
38,Male,26.8,124.6,63.2,123,1
53,Female,33.8,173.7,109.9,186,1
18,Male,26.1,93.9,65.2,99,0
44,Female,29.2,91.3,31.4,110,0
67,Male,27.8,94.6,61.7,83,0
59,Male,35.2,136.4,253.3,198,1
82,Female,33.2,156.8,192.2,133,1
32,Male,16.2,78.5,52.2,101,0
62,Female,26.3,78.5,43.4,121,0
32,Female,19.4,90.7,18.0,83,0
60,Female,17.2,87.9,24.0,85,0
72,Male,17.9,109.9,48.3,129,0
38,Female,18.7,90.8,56.3,111,0
74,Male,36.5,221.2,125.0,150,1
50,Female,21.9,72.6,16.7,125,0
53,Male,27.7,88.0,18.5,105,0
52,Female,18.4,70.4,23.9,106,0
54,Male,17.9,88.1,26.6,129,0
79,Male,49.2,203.8,149.2,157,1
36,Male,27.3,124.1,75.9,130,1
45,Male,25.2,88.6,52.1,118,0
29,Female,29.0,104.0,98.1,130,1
66,Female,22.5,98.3,49.5,125,0
31,Female,41.5,203.3,204.9,164,1
37,Female,28.1,133.0,96.2,125,0
41,Female,37.0,238.1,163.5,123,1
65,Male,15.2,102.6,71.2,80,0
43,Female,35.8,124.9,124.1,148,1
40,Female,20.4,90.2,23.6,115,0
32,Male,26.9,113.7,89.4,113,1
31,Female,50.0,224.8,96.6,124,1
69,Female,28.0,195.2,209.3,167,1
50,Female,15.2,98.6,26.4,120,0
59,Male,38.6,134.9,255.2,129,1
31,Male,28.1,122.7,93.0,129,1
29,Female,27.4,79.2,53.6,93,0
50,Male,40.7,218.5,155.7,127,1
50,Male,30.1,155.7,233.3,172,1
25,Female,21.5,109.9,75.0,102,0
51,Male,23.1,100.3,55.1,120,0
39,Female,44.3,146.0,131.9,125,1
66,Female,15.8,81.4,31.2,125,0
35,Male,22.6,93.4,54.1,92,0
66,Male,45.8,189.7,124.2,173,1
75,Male,36.3,142.4,90.6,125,1
47,Male,25.5,129.6,66.3,118,1
51,Male,27.5,115.8,76.0,117,1
38,Male,16.7,108.7,47.8,127,0
57,Male,24.3,95.5,59.1,115,0
58,Male,25.9,75.0,69.0,125,0
46,Female,21.4,81.1,78.8,116,0
60,Female,26.5,103.5,30.5,102,0
56,Male,27.2,125.2,184.5,171,1
34,Male,27.1,104.4,57.9,118,0
59,Male,31.1,135.3,231.3,162,1
54,Male,19.0,72.9,55.9,88,0
71,Female,21.3,106.5,47.2,103,0
42,Female,42.1,194.3,205.2,195,1
43,Male,33.7,117.4,92.0,139,0
32,Female,49.6,189.3,89.6,183,1
21,Female,26.6,83.7,59.4,120,0
28,Female,26.0,86.9,49.3,85,0
73,Male,45.0,221.8,297.8,192,1
55,Female,25.9,92.7,11.3,87,0
54,Female,41.5,152.9,286.8,140,1
67,Male,20.2,71.1,75.2,128,0
34,Male,28.4,209.9,162.6,155,1
82,Male,28.3,128.9,196.6,197,1
61,Female,29.7,79.3,28.0,110,0
45,Male,38.8,170.5,110.9,148,1
47,Male,29.4,90.2,67.4,119,0
54,Female,44.4,237.6,137.8,164,1
85,Female,44.5,159.9,178.5,184,1
41,Female,15.3,74.5,74.4,128,0
23,Male,23.9,106.0,50.8,88,0
68,Male,37.7,165.5,287.4,131,1
40,Female,22.5,94.9,47.1,124,0
60,Male,32.1,168.6,163.5,129,1
72,Female,27.2,74.0,21.3,89,0
64,Female,34.5,106.9,113.0,144,0
78,Female,44.5,182.8,280.2,124,1
82,Male,29.3,190.9,87.3,185,1
73,Male,19.7,97.4,56.7,117,0
68,Female,15.6,107.2,62.5,87,0
40,Female,28.9,124.0,101.1,126,0
37,Male,23.4,98.4,13.9,87,0
60,Male,31.3,129.2,89.2,125,0
49,Male,30.1,203.5,252.6,196,1
72,Male,30.8,187.0,149.6,150,1
31,Male,30.5,216.5,91.7,190,1
48,Male,27.2,105.8,74.6,117,1
62,Male,25.2,84.3,33.1,103,0
53,Male,27.6,125.1,111.1,142,0
63,Male,27.1,123.6,88.3,128,0
57,Female,27.1,189.4,290.1,191,1
29,Female,17.1,103.3,42.9,91,0
33,Male,18.6,107.2,75.0,112,0
27,Female,29.0,104.1,27.9,123,0
51,Male,39.7,221.8,152.1,151,1
53,Male,42.5,162.4,192.1,175,1
42,Male,32.5,230.3,83.2,131,1
58,Male,45.5,181.7,89.3,179,1
58,Male,38.9,135.2,211.3,159,1
70,Male,17.1,72.2,61.5,101,0
44,Female,25.1,122.9,66.0,130,1
18,Female,25.1,93.8,26.3,123,0
73,Male,30.9,164.7,269.7,148,1
67,Male,30.1,155.8,137.7,148,1
75,Male,27.5,92.9,36.7,123,0
75,Male,26.4,163.7,227.3,165,1
77,Female,34.4,162.4,117.1,151,1
72,Male,27.0,209.1,118.3,149,1
41,Male,26.7,89.2,33.6,92,0
45,Male,15.0,91.7,53.2,119,0
57,Female,23.9,70.2,30.0,81,0
76,Female,42.4,231.5,176.8,169,1
20,Female,21.0,81.0,45.3,103,0
51,Male,29.0,107.0,116.8,136,0
71,Female,36.4,185.2,254.1,150,1
51,Male,29.2,98.6,52.0,99,0
74,Female,25.3,87.2,25.5,107,0
58,Female,43.6,160.4,206.4,153,1
47,Female,16.6,77.3,26.4,81,0
56,Male,27.3,101.4,40.7,124,0
50,Female,24.2,114.8,79.1,112,1
64,Male,48.1,232.7,281.5,170,1
18,Female,22.1,70.9,27.6,109,0
29,Female,32.8,106.2,114.7,124,0
69,Male,31.0,129.7,85.3,120,0
44,Female,19.7,83.9,19.9,109,0
39,Male,37.9,245.7,240.8,121,1
34,Female,42.5,138.3,230.9,122,1
71,Female,24.6,107.3,31.4,88,0
32,Female,27.5,111.7,81.2,133,1
48,Female,26.1,109.7,79.4,109,0
48,Male,25.9,116.7,66.7,132,1
80,Female,41.9,217.8,239.8,146,1
63,Male,16.6,74.6,39.4,102,0
71,Male,19.9,90.3,37.3,93,0
68,Female,47.0,130.4,259.8,141,1
70,Male,38.6,175.2,184.8,140,1
74,Male,24.2,108.1,22.9,121,0
41,Female,29.9,110.6,62.5,131,1
38,Female,49.2,240.5,158.2,188,1
71,Male,19.1,73.4,20.6,96,0
65,Male,28.7,119.8,79.0,126,0
54,Male,26.6,130.9,101.0,126,1
78,Female,47.8,235.5,187.4,188,1
67,Female,25.0,84.0,22.6,112,0
40,Male,28.2,134.0,100.0,134,0
32,Female,19.0,84.4,66.5,80,0
59,Male,18.7,88.0,67.9,104,0
69,Female,29.7,83.7,65.5,124,0
51,Male,25.8,96.6,64.0,130,0
74,Male,28.9,83.0,54.6,121,0
57,Male,37.2,128.5,120.8,180,1
28,Female,24.8,104.8,74.7,115,0
63,Female,35.3,200.3,161.0,153,1
76,Male,45.6,159.2,217.5,151,1
22,Male,18.2,107.2,53.6,117,0
25,Male,21.8,81.3,35.4,93,0
47,Male,39.5,138.1,247.5,193,1
43,Female,28.9,82.0,47.8,126,0
35,Female,34.9,124.2,110.6,140,0
47,Female,22.0,98.8,26.7,121,0
43,Female,31.8,153.8,265.6,132,1
70,Male,23.6,106.7,45.9,101,0
74,Male,22.6,89.8,48.4,100,0
66,Male,25.4,85.8,68.3,124,0
34,Female,18.2,108.5,35.9,112,0
69,Female,44.2,236.8,121.4,181,1
57,Female,16.5,105.9,73.5,118,0
35,Female,34.0,247.5,86.2,174,1
67,Male,44.8,207.1,224.4,139,1
69,Male,24.2,77.9,29.8,97,0
43,Female,16.4,89.3,33.7,113,0
31,Female,32.1,130.0,70.1,124,0
83,Female,27.0,205.0,87.5,160,1
45,Male,27.5,124.3,138.8,199,1
55,Male,33.8,108.8,95.8,137,0
46,Female,27.7,158.1,230.7,161,1
60,Male,28.4,76.2,26.1,127,0
33,Male,30.7,112.2,90.8,136,0
83,Male,49.9,219.2,232.2,164,1
26,Female,19.3,84.6,35.2,95,0
39,Male,33.0,214.3,289.4,163,1
58,Female,29.9,76.3,38.9,98,0
60,Female,38.0,178.7,236.7,199,1
33,Male,24.9,97.1,26.0,93,0
48,Female,37.0,189.5,102.0,154,1
64,Female,17.8,105.1,78.7,99,0
36,Female,29.9,180.8,294.3,126,1
54,Female,18.3,76.4,32.7,99,0
80,Female,41.5,204.3,83.2,123,1
44,Male,17.3,99.7,38.3,109,0
48,Female,18.5,109.6,32.2,120,0
73,Male,28.4,98.4,32.1,125,0
63,Female,17.6,75.1,18.3,112,0
37,Female,37.8,201.5,214.8,181,1
51,Male,44.7,222.7,99.4,155,1
51,Male,19.6,93.3,49.4,115,0
38,Female,46.8,237.4,163.5,121,1
42,Male,29.4,124.9,111.1,126,0
38,Female,27.9,131.7,100.2,141,0
63,Female,22.6,100.0,68.7,103,0
46,Female,23.5,109.1,25.6,121,0
79,Male,44.5,122.6,235.2,127,1
57,Male,36.7,212.3,122.4,148,1
75,Female,28.2,73.8,58.7,83,0
53,Male,26.6,126.1,122.0,180,1
23,Male,25.2,93.6,73.8,103,0
42,Male,46.6,246.3,82.0,175,1
64,Female,15.5,81.0,33.8,99,0
52,Female,35.6,234.9,162.4,141,1
53,Female,24.1,128.2,68.7,133,1
72,Female,40.4,178.6,251.5,171,1
63,Male,17.8,101.5,18.2,96,0
54,Male,31.5,133.4,73.8,142,0
33,Male,47.4,225.2,176.0,159,1
38,Female,47.1,237.2,270.9,169,1
52,Female,22.2,79.8,39.6,85,0
70,Male,34.8,196.9,298.6,175,1
46,Female,16.5,77.7,76.7,94,0
46,Male,37.4,227.7,156.3,163,1
